"","prof","time","alloc"
"1","profFUN",383.099999999999,12405.6779785156
"2","profFUN2",1502.39999999998,23361.1669130325
